{
  "Q4.1.1" : [ [ 814, "Great Day in Harlem", 5.0 ], [ 1122, "They Made Me a Criminal (1939)", 5.0 ], [ 1189, "Prefontaine (1997)", 5.0 ], [ 1201, "Marlene Dietrich: Shadow and Light (1996)", 5.0 ], [ 1293, "Star Kid (1997)", 5.0 ] ],
  "Q4.1.2 (Bonus)" : [ [ 318, "Schindler's List (1993)", 4.49735890775181 ], [ 483, "Casablanca (1942)", 4.469946840711972 ], [ 408, "Close Shave", 4.458191544185708 ], [ 169, "Wrong Trousers", 4.4431655496927975 ], [ 12, "Usual Suspects", 4.412114076963586 ] ]
}