{
  "Q4.1.1" : {
    "MaeForK=200" : 0.734624743681846
  },
  "Q4.1.2" : {
    "DurationInMicrosecForComputingKNN" : 7674672.564
  },
  "Q4.1.3" : {
    "DurationInMicrosecForComputingPredictions" : 1.3684846435E7
  }
}